,set1_freq1,set1_freq2,set3_freq1,set3_freq2,set5_freq1,set5_freq2,set6_freq1,set6_freq2
Signal 1,0.8703149658161901,1.4831922343328243,-1.4714802759643242,1.3968136638728268,0.35141442740465345,1.4247824868131689,-1.8396050028185207,1.2375786619324405
Signal 2,0.7457674447675404,4.752689833017691,2.3841192404734795,3.377570880587843,2.427089723626896,0.8626360409393172,4.647210766139738,12.030567688232908
Signal 3,3.7738814373906755,0.8405063806164342,1.6145334956447936,0.4852748873610802,0.3559043154526004,-1.8695775411568367,10.36861550798268,1.0247844585444308
Signal 4,2.1451194765965043,2.742764725896642,3.626419405141855,2.635159128984889,-0.607568018837188,-0.5617574730618335,6.581889091219737,11.312545454191321
